Year_Birth,Education,Marital_Status,income,Kidhome,Teenhome
1970,Graduation,Divorced,84835,0,0
1961,Graduation,Single,57091,0,0
1958,Graduation,Married,67267,0,1
1967,Graduation,Together,32474,1,1
1989,Graduation,Single,21474,1,0
1958,PhD,Single,71691,0,0
1954,2n Cycle,Married,63564,0,0
1967,Graduation,Together,44931,0,1
1954,PhD,Married,65324,0,1
1954,PhD,Married,65324,0,1
1947,2n Cycle,Married,81044,0,0
1979,Master,Together,62499,1,0
1959,PhD,Widow,67786,0,0
1981,Graduation,Married,26872,0,0
1969,Graduation,Married,4428,0,1
1977,Graduation,Married,54809,1,1
1977,Graduation,Married,54809,1,1
1958,PhD,Divorced,32173,0,1
1960,2n Cycle,Single,47823,0,1
1958,Master,Single,30523,2,1
1954,Master,Together,36634,0,1
1966,Master,Single,43456,0,1
1979,Master,Married,40662,1,0
1976,PhD,Married,49544,1,0
1969,Graduation,Single,57731,0,1
1965,Master,Single,33168,0,1
1956,Graduation,Together,54450,1,1
1956,Graduation,Together,54450,1,1
1956,PhD,Widow,35340,1,1
1975,Graduation,Single,73170,0,0
1971,PhD,Divorced,65808,1,1
1986,Graduation,Married,79529,0,0
1972,PhD,Together,34578,2,1
1974,PhD,Married,46374,0,1
1990,Graduation,Married,18351,0,0
1987,PhD,Single,95169,0,0
1984,2n Cycle,Married,65370,0,0
1960,Master,Divorced,39228,0,0
1961,PhD,Single,84865,0,0
1968,Graduation,Married,61314,0,1
1972,Graduation,Single,21359,1,0
1955,PhD,Married,66465,0,1
1983,2n Cycle,Single,81698,0,0
1986,Graduation,Single,39146,1,0
1970,2n Cycle,Divorced,25959,1,1
1961,Graduation,Together,64260,0,0
1973,Graduation,Married,32300,1,0
1965,Master,Married,74806,0,1
1970,Graduation,Divorced,72967,0,1
1960,Graduation,Single,48904,0,1
1984,2n Cycle,Married,14796,1,0
1954,Master,Married,66991,0,0
1978,2n Cycle,Single,52195,2,1
1956,Graduation,Married,90369,0,0
1974,Basic,Married,18393,1,0
1952,Graduation,Single,47139,1,1
1973,Master,Married,38576,0,1
1975,PhD,Together,61905,0,1
1962,Graduation,Married,83715,0,0
1964,Graduation,Married,60597,0,1
1982,Master,Single,6560,0,0
1961,Master,Together,48330,0,1
1968,PhD,Single,38236,1,1
1977,Master,Married,22701,1,0
1974,Master,Divorced,53367,1,1
1986,Graduation,Together,34728,1,0
1956,Master,Married,63915,0,2
1960,2n Cycle,Married,82504,0,0
1972,PhD,Single,38578,1,1
1972,PhD,Single,38578,1,1
1975,PhD,Married,79174,0,0
1962,2n Cycle,Divorced,81975,0,1
1977,Master,Married,43263,0,1
1970,Graduation,Single,27242,1,0
1971,Graduation,Married,76445,1,0
1965,Graduation,Together,75276,0,0
1963,Graduation,Widow,34213,1,1
1976,PhD,Together,72335,0,0
1964,Master,Married,79143,0,0
1947,Graduation,Married,27469,0,0
1969,Graduation,Together,68695,0,0
1969,Graduation,Together,68695,0,0
1957,Graduation,Single,50388,0,1
1970,PhD,Together,77622,0,2
1962,Graduation,Divorced,46102,2,1
1980,2n Cycle,Single,31859,1,0
1987,2n Cycle,Single,23830,0,0
1973,Graduation,Married,24639,1,1
1945,PhD,Together,71604,0,0
1984,Graduation,Married,27255,1,0
1977,Graduation,Together,55375,0,1
1960,PhD,Married,77037,0,1
1970,Graduation,Single,24163,1,1
1969,PhD,Together,69476,0,0
1979,Graduation,Married,72063,0,1
1962,Master,Married,58646,0,1
1962,Master,Married,58646,0,1
1949,Master,Widow,47570,1,1
1980,Graduation,Married,80011,0,1
1956,PhD,Single,54998,0,1
1948,PhD,Single,60200,0,1
1982,Graduation,Married,63211,0,0
1973,PhD,Single,48432,0,1
1973,PhD,YOLO,48432,0,1
1973,PhD,YOLO,48432,0,1
1949,Master,Married,62845,1,1
1949,Master,Married,62845,1,1
1965,PhD,Together,65220,0,0
1990,PhD,Married,74214,0,0
1980,2n Cycle,Married,96547,0,0
1955,Graduation,Together,53863,0,1
1970,Graduation,Married,50447,2,0
1953,Graduation,Married,37716,0,1
1982,Graduation,Together,45203,2,0
1975,Master,Married,37368,1,0
1955,Graduation,Married,67225,0,1
1976,Master,Together,65104,0,1
1976,Master,Together,65104,0,1
1949,Master,Married,81698,0,0
1968,Graduation,Single,70566,0,1
1958,Graduation,Together,69096,0,1
1962,Graduation,Married,71434,0,1
1978,Graduation,Married,33039,1,0
1978,Graduation,Married,33039,1,0
1958,Graduation,Together,46610,0,0
1958,Graduation,Single,49967,0,1
1976,Graduation,Married,53359,1,1
1971,Master,Married,49505,1,1
1946,Master,Married,68657,0,0
1954,Graduation,Divorced,72071,0,1
1954,Graduation,Divorced,72071,0,1
1967,Master,Single,59235,1,0
1957,Graduation,Together,21994,0,1
1957,Graduation,Together,21994,0,1
1972,Graduation,Married,69209,0,0
1989,Graduation,Together,31928,1,0
1987,PhD,Single,74004,0,0
1987,2n Cycle,Married,30390,0,0
1985,Graduation,Married,21355,1,0
1969,Graduation,Married,26304,1,0
1989,2n Cycle,Married,85710,0,0
1974,Graduation,Divorced,102692,0,0
1971,Graduation,Single,58350,0,1
1978,Graduation,Single,7500,1,1
1984,Master,Single,18890,0,0
1986,Basic,Married,20425,1,0
1986,Basic,Married,20425,1,0
1957,PhD,Divorced,41437,1,1
1949,Master,Together,49912,0,1
1949,Master,Together,49912,0,1
1959,Graduation,Married,79823,0,1
1954,Graduation,Divorced,85683,0,0
1965,PhD,Divorced,47025,1,1
1976,PhD,Married,68397,0,1
1984,PhD,Married,38175,1,0
1972,Master,Single,46423,1,1
1972,Master,Single,46423,1,1
1976,Master,Together,30560,1,0
1976,Master,Together,30560,1,0
1979,Graduation,Single,60152,0,1
1965,Graduation,Together,29672,1,1
1965,Graduation,Together,29672,1,1
1947,Graduation,Together,70321,0,0
1962,Graduation,Married,56181,0,1
1990,Basic,Married,24279,0,0
1969,PhD,Married,68462,0,0
1976,PhD,Married,55424,0,1
1973,Graduation,Married,49094,0,1
1961,2n Cycle,Widow,59184,0,1
1987,Graduation,Together,67430,0,0
1960,Master,Married,30522,0,1
1977,2n Cycle,Single,31878,0,1
1992,Graduation,Single,83528,0,0
1979,Graduation,Together,90300,0,0
1978,Master,Single,68092,0,0
1972,Master,Married,53761,1,1
1973,Graduation,Married,52845,1,0
1976,Graduation,Married,24027,1,0
1979,2n Cycle,Together,7500,1,0
1955,Graduation,Together,42586,1,1
1955,Graduation,Together,42586,1,1
1973,Basic,Together,9722,1,0
1975,PhD,Married,86836,0,0
1972,Graduation,Married,30467,1,0
1952,PhD,Married,54549,0,1
1982,Graduation,Together,19444,1,0
1956,Master,Together,69245,0,1
1963,PhD,Divorced,72968,0,0
1953,Graduation,Married,48686,1,2
1990,Graduation,Married,73687,0,0
1944,PhD,Single,82716,0,0
1981,2n Cycle,Married,35523,1,0
1975,PhD,Divorced,60554,1,0
1956,Graduation,Together,64090,0,1
1965,Graduation,Single,61559,0,1
1962,PhD,Widow,71670,0,0
1951,PhD,Widow,67680,0,1
1981,Graduation,Married,54386,0,1
1953,PhD,Single,64108,0,1
1951,PhD,Together,69702,0,1
1952,Graduation,Single,47958,0,1
1960,Graduation,Married,67716,0,1
1971,Graduation,Together,34600,1,1
1971,Graduation,Together,34600,1,1
1969,Graduation,Married,48752,1,1
1988,2n Cycle,Married,15716,1,0
1952,PhD,Divorced,46610,0,2
1977,Graduation,Married,74985,0,0
1945,PhD,Single,45576,0,0
1945,PhD,Single,113734,0,0
1987,Graduation,Single,57100,1,0
1972,Graduation,Married,24434,2,0
1971,PhD,Married,37126,1,0
1958,Graduation,Single,45160,1,1
1977,Graduation,Together,33178,1,0
1950,Master,Widow,64866,0,1
1975,Master,Together,34176,0,1
1968,Master,Single,50014,1,0
1948,Graduation,Married,92344,0,0
1970,Master,Divorced,55282,1,0
1963,PhD,Divorced,48799,0,1
1982,PhD,Married,84169,0,0
1982,PhD,Married,84169,0,0
1971,Master,Single,39763,1,0
1975,PhD,Divorced,74165,0,0
1965,Graduation,Single,42720,1,1
1944,Graduation,Married,65275,0,0
1961,Graduation,Married,36443,1,1
1952,Master,Together,43776,1,1
1965,Graduation,Together,56046,0,0
1958,Graduation,Married,65148,0,1
1955,Graduation,Divorced,49431,0,1
1961,PhD,Together,32583,1,1
1979,Master,Single,16653,1,0
1971,2n Cycle,Together,26850,1,1
1968,Graduation,Married,51287,1,1
1973,2n Cycle,Married,43050,1,0
1969,Graduation,Married,73448,0,0
1992,Basic,Married,17256,1,0
1961,Graduation,Single,86429,0,0
1983,PhD,Married,33569,1,0
1980,2n Cycle,Together,25130,1,0
1952,Graduation,Married,62998,0,1
1976,2n Cycle,Together,26907,1,1
1976,2n Cycle,Together,26907,1,1
1948,PhD,Married,45579,0,1
1957,Graduation,Together,47320,0,1
1976,PhD,Divorced,70179,0,1
1976,PhD,Divorced,70179,0,1
1986,Master,Married,28072,1,0
1954,Graduation,Married,50501,1,1
1969,Graduation,Together,58917,1,2
1949,Graduation,Together,69372,0,0
1971,Master,Married,35178,1,0
1971,Master,Married,35178,1,0
1968,Graduation,Divorced,75693,0,0
1982,Graduation,Married,69109,0,0
1982,Graduation,Married,69109,0,0
1994,Graduation,Together,80134,0,0
1970,Graduation,Divorced,64713,1,0
1986,Graduation,Divorced,41411,0,0
1955,PhD,Single,55521,1,2
1968,Master,Together,43795,0,1
1970,Graduation,Together,22070,1,0
1949,Master,Married,36408,1,1
1950,Graduation,Together,34026,1,1
1950,Graduation,Together,34026,1,1
1976,Graduation,Married,46049,1,1
1972,Master,Married,35641,1,0
1984,2n Cycle,Together,32414,0,0
1955,PhD,Married,59821,0,1
1980,Graduation,Married,34968,1,0
1967,PhD,Married,56320,0,1
1969,Master,Married,70091,1,0
1956,Graduation,Together,46097,0,1
1963,PhD,Divorced,41003,0,0
1959,Graduation,Together,44911,0,1
1975,Graduation,Single,33249,1,0
1975,Graduation,Single,33249,1,0
1950,PhD,Divorced,42873,1,1
1969,PhD,Married,51039,1,1
1958,PhD,Together,78952,0,1
1966,Master,Divorced,29435,1,1
1954,Graduation,Divorced,79865,0,1
1988,Graduation,Alone,34176,1,0
1988,Graduation,Single,34176,1,0
1970,PhD,Together,65968,0,1
1956,Master,Single,86424,0,0
1966,Graduation,Divorced,67272,0,1
1957,Graduation,Single,78499,0,0
1972,Graduation,Together,77044,0,1
1993,Graduation,Single,70515,0,0
1975,Master,Together,17459,1,0
1970,PhD,Married,80336,0,0
1956,Graduation,Married,15759,0,0
1976,2n Cycle,Together,26326,0,0
1976,Graduation,Together,62061,0,1
1976,Graduation,Married,5305,0,1
1982,Master,Single,75777,0,0
1982,Master,Single,75777,0,0
1971,Master,Together,71499,0,1
1978,PhD,Single,31626,1,0
1992,Master,Together,42670,0,0
1973,Graduation,Single,83917,0,0
1969,Master,Together,41021,1,0
1956,Graduation,Married,79456,0,0
1980,Master,Divorced,78789,0,0
1952,PhD,Married,50870,0,1
1983,Master,Married,35876,0,0
1957,Graduation,Married,23539,0,0
1967,Master,Single,32557,1,0
1970,2n Cycle,Married,62466,0,1
1970,2n Cycle,Married,62466,0,1
1966,Graduation,Married,54198,1,1
1978,PhD,Married,82170,0,0
1964,PhD,Single,61798,0,0
1992,Basic,Single,15253,1,0
1988,Master,Married,78285,0,0
1955,Graduation,Single,62535,0,1
1973,Basic,Together,27190,1,0
1968,2n Cycle,Married,48985,0,1
1970,Graduation,Married,72940,0,0
1985,2n Cycle,Married,36145,1,0
1977,Graduation,Together,157146,0,0
1960,Master,Married,81843,0,0
1988,Graduation,Together,41883,1,0
1964,PhD,Married,45759,1,1
1964,PhD,Married,45759,1,1
1986,Graduation,Together,78394,0,0
1989,Graduation,Single,30279,1,0
1989,Graduation,Single,30279,1,0
1970,Graduation,Widow,31880,1,0
1973,Graduation,Widow,60208,1,1
1983,Graduation,Together,78687,0,0
1973,PhD,Married,37401,1,0
1973,PhD,Married,37401,1,0
1954,Graduation,Together,75315,0,1
1965,Graduation,Single,69263,0,1
1946,Graduation,Married,78569,0,0
1966,PhD,Married,57705,0,1
1955,2n Cycle,Together,74805,0,1
1961,PhD,Together,66426,0,1
1949,Master,Widow,51529,0,1
1946,Graduation,Married,18100,0,0
1977,2n Cycle,Divorced,59601,0,1
1977,2n Cycle,Together,20981,0,0
1976,Graduation,Married,74068,0,0
1983,Graduation,Married,36790,0,0
1971,Graduation,Married,18793,1,0
1954,Graduation,Widow,27421,0,0
1972,Graduation,Married,30675,1,0
1974,Graduation,Together,83145,0,0
1968,Master,Together,34053,0,1
1983,Master,Single,31788,1,0
1974,2n Cycle,Married,45894,0,2
1978,Graduation,Divorced,41986,0,1
1962,PhD,Married,42769,0,1
1982,2n Cycle,Together,58582,0,1
1964,Graduation,Married,49096,1,1
1980,PhD,Single,76412,0,0
1990,Graduation,Married,18929,0,0
1990,Graduation,Married,18929,0,0
1990,Graduation,Married,18929,0,0
1986,Master,Single,21888,1,0
1978,Graduation,Together,41580,1,1
1979,PhD,Married,31605,1,0
1974,PhD,Divorced,25509,1,0
1974,PhD,Divorced,25509,1,0
1959,Master,Widow,33051,0,0
1966,PhD,Together,28764,1,1
1983,2n Cycle,Married,32146,1,0
1983,Graduation,Single,22148,0,0
1979,Graduation,Married,36781,1,0
1960,Master,Married,54197,0,1
1970,Graduation,Single,93790,0,0
1972,Graduation,Single,24762,1,0
1984,Master,Married,30477,1,0
1975,2n Cycle,Divorced,11448,0,0
1967,Graduation,Divorced,70844,1,1
1980,Graduation,Single,30828,1,0
1967,Master,Together,62513,0,1
1981,2n Cycle,Married,27733,1,0
1973,PhD,Together,39435,1,0
1970,Master,Single,75345,0,0
1986,2n Cycle,Together,20491,0,0
1971,Graduation,Married,36715,1,0
1959,Graduation,Together,71706,0,1
1966,PhD,Married,69063,0,1
1988,Graduation,Married,24645,1,0
1975,Graduation,Married,35797,0,1
1969,Graduation,Married,44078,1,1
1971,Graduation,Single,26954,1,0
1972,PhD,Together,38887,1,0
1974,2n Cycle,Married,65463,1,0
1959,PhD,Together,53537,1,1
1971,Master,Single,36230,1,0
1950,Graduation,Married,80763,0,0
1971,PhD,Married,60585,1,1
1974,Graduation,Single,49166,0,1
1955,PhD,Together,75261,0,0
1991,Graduation,Together,89891,0,0
1962,Master,Married,72828,0,1
1952,Graduation,Together,75278,0,0
1978,Graduation,Single,38557,1,0
1963,PhD,Married,81300,0,1
1965,2n Cycle,Divorced,60161,0,1
1977,PhD,Married,69389,0,1
1954,Graduation,Divorced,64497,0,1
1980,Graduation,Married,61014,0,1
1975,Master,Married,44319,1,1
1957,2n Cycle,Married,53233,0,1
1954,Graduation,Together,77972,0,0
1987,Graduation,Divorced,81361,0,0
1987,Graduation,Divorced,81361,0,0
1984,Basic,Single,25707,1,0
1971,PhD,Married,42403,1,0
1972,2n Cycle,Single,65704,0,0
1980,Graduation,Married,37406,1,0
1951,Master,Together,39767,0,0
1979,2n Cycle,Married,54210,0,1
1967,Graduation,Divorced,57136,0,0
1975,Graduation,Married,40794,0,1
1965,Graduation,Together,83003,0,0
1960,Master,Married,89058,0,0
1991,2n Cycle,Together,20193,0,0
1974,Graduation,Married,72099,0,0
1971,Graduation,Married,43824,1,1
1975,Graduation,Together,66653,1,1
1978,Graduation,Married,44359,1,1
1961,Graduation,Married,79410,0,0
1977,Master,Married,55842,0,1
1966,Graduation,Widow,79946,0,0
1979,2n Cycle,Single,88194,0,1
1944,Master,Married,80184,0,0
1967,Graduation,Divorced,76982,0,0
1980,PhD,Single,65295,0,0
1973,Graduation,Together,57100,0,0
1981,Graduation,Married,29009,1,0
1971,PhD,Married,78931,0,0
1975,Master,Married,7500,1,0
1976,Graduation,Married,56939,0,1
1990,Graduation,Single,64509,0,0
1990,Graduation,Married,30093,0,0
1974,PhD,Together,30351,1,0
1974,PhD,Together,30351,1,0
1960,PhD,Together,38201,0,1
1980,PhD,Married,43974,1,0
1970,Graduation,Together,38200,1,1
1960,2n Cycle,Divorced,87305,0,0
1961,Graduation,Married,16860,1,1
1972,PhD,Single,27213,1,0
1976,Graduation,Married,7500,1,0
1965,Graduation,Divorced,4861,0,0
1971,Master,Married,38196,1,1
1950,PhD,Married,41145,1,1
1982,PhD,Single,38513,1,0
1968,Graduation,Married,45688,0,1
1958,PhD,Together,77863,0,0
1969,Master,Married,42169,1,1
1964,Graduation,Single,45906,0,1
1988,2n Cycle,Divorced,35388,1,0
1969,Graduation,Married,80952,0,0
1954,Graduation,Together,39898,0,1
1954,Graduation,Together,39898,0,1
1973,Master,Divorced,44051,1,1
1954,Graduation,Married,86718,0,0
1986,Master,Married,80141,0,0
1976,Graduation,Married,58597,1,1
1945,PhD,Married,70356,0,0
1967,Graduation,Single,46904,1,1
1946,Graduation,Together,37760,0,0
1946,Graduation,Together,37760,0,0
1964,Graduation,Single,61839,0,0
1972,PhD,Married,29791,1,0
1963,PhD,Single,48918,1,1
1963,PhD,Single,48918,1,1
1965,Graduation,Married,58692,0,1
1976,Graduation,Married,39356,1,1
1972,Master,Married,76234,0,1
1984,Graduation,Married,55434,1,0
1946,Master,Married,66835,0,0
1946,Master,Married,66835,0,0
1951,Graduation,Married,71965,0,1
1971,Graduation,Together,74538,0,0
1954,Graduation,Divorced,50002,0,1
1958,Graduation,Together,53977,0,1
1958,Graduation,Together,53977,0,1
1971,Graduation,Together,69930,0,0
1967,PhD,Together,62981,0,0
1974,Master,Together,46014,1,1
1987,Graduation,Together,18227,1,0
1976,Graduation,Married,65991,0,1
1972,Graduation,Single,38808,1,0
1982,PhD,Married,160803,0,0
1978,Master,Married,43783,1,0
1969,PhD,Married,30396,1,0
1964,PhD,Married,65526,0,1
1964,PhD,Married,65526,0,1
1944,Graduation,Married,55956,0,0
1978,Graduation,Divorced,55563,0,1
1965,PhD,Married,57236,1,1
1973,Graduation,Divorced,89694,1,1
1971,Master,Together,57420,0,1
1972,Graduation,Married,33622,1,1
1986,PhD,Single,29999,1,0
1962,PhD,Together,31497,0,1
1962,PhD,Together,31497,0,1
1980,PhD,Single,36802,1,0
1968,Graduation,Divorced,61671,0,1
1893,2n Cycle,Single,60182,0,1
1971,PhD,Together,29732,1,0
1986,PhD,Married,45921,0,0
1984,Graduation,Together,16529,1,0
1960,Master,Single,98777,0,0
1960,Master,Single,98777,0,0
1952,Master,Married,77027,0,1
1965,Graduation,Married,69139,0,1
1965,Graduation,Married,69139,0,1
1982,Graduation,Married,65169,0,0
1952,Graduation,Widow,40049,0,1
1945,Graduation,Married,69755,0,0
1961,PhD,Married,54456,0,1
1977,Graduation,Together,666666,1,0
1951,Graduation,Single,60689,0,1
1978,Basic,Single,26487,1,0
1970,Graduation,Married,28164,1,0
1970,Graduation,Single,22585,0,0
1971,Graduation,Married,64795,0,1
1987,PhD,Single,42000,0,0
1987,PhD,Single,42000,0,0
1966,Graduation,Together,70713,0,1
1946,PhD,Single,82800,0,0
1946,PhD,Single,82800,0,0
1975,Basic,Married,30801,0,1
1974,Master,Married,83891,0,1
1950,Master,Divorced,38054,1,1
1969,Graduation,Married,14045,1,0
1957,PhD,Married,44155,1,1
1970,PhD,Single,57642,0,1
1977,Graduation,Married,31353,1,1
1977,Graduation,Married,31353,1,1
1968,Master,Divorced,41335,1,0
1968,Master,Divorced,41335,1,0
1957,PhD,Single,40737,2,1
1975,2n Cycle,Together,19789,1,0
1949,PhD,Divorced,35946,1,1
1983,Master,Married,36262,0,0
1954,Master,Widow,44551,0,1
1959,Graduation,Together,71367,0,0
1959,Graduation,Together,71367,0,0
1959,Graduation,Together,57957,0,1
1972,2n Cycle,Together,50334,0,1
1949,Master,Married,48150,0,1
1969,Graduation,Married,56796,0,1
1969,Graduation,Married,56796,0,1
1963,PhD,Widow,52278,0,1
1963,PhD,Widow,52278,0,1
1996,2n Cycle,Married,7500,0,0
1952,Master,Married,33444,1,1
1973,Graduation,Married,20895,1,0
1976,Master,Together,37509,1,0
1978,Master,Married,88097,1,0
1973,Graduation,Married,59041,1,1
1974,Graduation,Single,43322,0,0
1955,PhD,Together,46015,1,1
1955,PhD,Together,46015,1,1
1959,Master,Married,34242,0,1
1955,Graduation,Married,65210,0,1
1958,PhD,Widow,50520,0,1
1970,Graduation,Married,90765,0,0
1944,Graduation,Married,80589,0,0
1958,Master,Married,49572,1,1
1978,Graduation,Together,75437,0,0
1971,Master,Divorced,44635,1,1
1964,Graduation,Married,58512,0,1
1952,PhD,Single,62000,0,1
1956,Graduation,Single,54252,1,1
1974,PhD,Together,45068,0,1
1979,Graduation,Single,60474,0,1
1979,Graduation,Single,60474,0,1
1981,2n Cycle,Married,56337,1,1
1987,Graduation,Together,22434,1,0
1982,Graduation,Together,61416,0,0
1975,Master,Married,92163,0,0
1956,Master,Together,58656,0,1
1986,Basic,Single,8940,1,0
1974,Graduation,Married,26751,2,0
1978,Graduation,Married,71427,2,0
1984,Graduation,Together,26646,1,0
1974,Graduation,Divorced,19346,1,0
1975,Graduation,Single,56243,1,2
1970,PhD,Married,59892,0,1
1965,Graduation,Together,71613,0,0
1986,Graduation,Married,25252,1,0
1975,Graduation,Single,42160,1,1
1979,Basic,Single,15862,1,0
1974,Master,Married,82584,0,0
1989,Graduation,Married,38360,1,0
1957,PhD,Married,75283,1,2
1956,Master,Together,34941,1,1
1952,Graduation,Single,61823,0,1
1956,Master,Married,90226,0,0
1974,Graduation,Married,44989,0,1
1974,Graduation,Married,44989,0,1
1980,Graduation,Married,43586,0,1
1974,Graduation,Single,32233,1,0
1969,Graduation,Together,62882,0,1
1963,Master,Together,57288,0,1
1981,2n Cycle,Together,75774,1,0
1981,2n Cycle,Together,75774,1,0
1988,Master,Single,90247,0,0
1960,2n Cycle,Single,32218,0,0
1988,Graduation,Married,84219,0,0
1988,Graduation,Married,84219,0,0
1966,Graduation,Divorced,48877,0,1
1950,Graduation,Together,60905,0,1
1964,Graduation,Married,75236,0,1
1953,Graduation,Divorced,62551,0,0
1983,PhD,Together,70123,0,0
1962,Graduation,Single,50785,1,1
1970,2n Cycle,Married,15315,0,0
1970,2n Cycle,Married,15315,0,0
1970,PhD,Together,64413,0,1
1981,PhD,Married,87171,0,0
1961,Graduation,Single,30081,0,1
1976,Graduation,Single,20180,0,0
1976,Graduation,Single,20180,0,0
1966,Graduation,Divorced,55686,0,1
1959,2n Cycle,Married,26887,0,1
1977,PhD,Married,61996,0,1
1952,Graduation,Divorced,51537,0,1
1962,Graduation,Together,72025,0,0
1971,Master,Together,30538,1,0
1991,2n Cycle,Single,61618,0,0
1965,Graduation,Married,77343,0,0
1989,Graduation,Married,75433,1,0
1962,PhD,Widow,82571,0,0
1954,Master,Together,60033,0,1
1983,Graduation,Single,39062,1,0
1972,Graduation,Married,30023,1,0
1970,Graduation,Single,30015,1,0
1980,Graduation,Married,33228,1,0
1967,Graduation,Married,22574,2,1
1967,Graduation,Married,22574,2,1
1957,Graduation,Married,55267,0,1
1958,Graduation,Together,66886,0,1
1971,Graduation,Single,72258,0,1
1984,PhD,Single,82733,0,0
1963,Graduation,Divorced,45146,1,1
1990,2n Cycle,Single,51250,1,0
1951,Graduation,Married,32871,1,1
1978,2n Cycle,Together,63855,0,0
1968,PhD,Divorced,42564,0,1
1972,2n Cycle,Together,46344,0,1
1963,Graduation,Married,50437,0,2
1960,Graduation,Together,70971,0,1
1977,Graduation,Single,37774,2,0
1963,PhD,Married,4023,1,1
1966,Graduation,Single,33279,0,0
1978,Graduation,Married,42693,1,0
1952,Master,Together,70545,0,1
1957,Graduation,Widow,65486,0,1
1981,Master,Together,77882,0,0
1960,Graduation,Together,78468,0,0
1963,Graduation,Together,77226,0,1
1991,Master,Single,90638,0,0
1991,Master,Single,90638,0,0
1948,Graduation,Together,70666,0,0
1959,2n Cycle,Divorced,59052,0,1
1952,Basic,Together,13084,0,0
1949,Graduation,Divorced,49160,0,1
1953,Graduation,Divorced,23272,0,0
1963,Master,Divorced,49476,0,1
1965,Master,Married,62694,1,1
1973,PhD,Together,57906,0,1
1982,Graduation,Together,71853,0,0
1982,Graduation,Together,71853,0,0
1959,Graduation,Married,65031,0,1
1960,Graduation,Together,30507,0,0
1970,Graduation,Together,67419,0,1
1950,Graduation,Married,59462,0,1
1994,Graduation,Single,95529,0,0
1953,Graduation,Widow,53653,0,0
1980,Basic,Married,25965,0,0
1970,Graduation,Married,22979,1,0
1951,PhD,Single,64950,0,1
1985,Graduation,Married,44322,1,0
1983,Graduation,Married,30096,1,0
1983,Graduation,Married,30096,1,0
1977,Graduation,Single,56628,0,1
1977,2n Cycle,Together,82326,0,0
1995,Graduation,Single,71163,0,0
1978,Graduation,Divorced,71022,0,1
1954,2n Cycle,Single,42607,0,1
1975,Graduation,Married,43057,0,1
1975,Master,Married,47808,0,1
1987,Graduation,Single,29236,1,0
1969,Graduation,Widow,40590,1,1
1969,Graduation,Widow,40590,1,1
1959,Master,Married,77520,0,1
1981,Graduation,Married,40211,1,1
1973,PhD,Together,63516,1,1
1974,Graduation,Divorced,53034,1,1
1975,Master,Together,22669,1,0
1982,Graduation,Married,79908,0,0
1986,PhD,Single,69867,0,0
1966,Graduation,Divorced,70287,0,0
1966,Graduation,Single,37070,1,1
1966,Graduation,Single,37070,1,1
1966,Master,Married,38179,1,1
1983,Graduation,Married,39922,1,0
1983,Graduation,Married,39922,1,0
1983,Graduation,Married,39922,1,0
1963,Master,Single,64191,0,1
1975,2n Cycle,Single,41658,1,1
1976,Graduation,Divorced,40780,0,1
1979,Graduation,Together,77568,0,1
1985,Graduation,Single,66503,1,0
1986,Graduation,Married,83512,0,0
1964,PhD,Married,31686,1,1
1976,Graduation,Together,71322,0,1
1988,Graduation,Single,27938,1,0
1951,Graduation,Divorced,22263,1,1
1956,Graduation,Together,34633,2,1
1981,Graduation,Together,42162,1,0
1976,PhD,Together,162397,1,1
1978,Graduation,Widow,54162,1,1
1955,2n Cycle,Divorced,41769,0,1
1981,PhD,Together,44953,0,0
1978,PhD,Married,37717,1,0
1978,PhD,Married,37717,1,0
1970,Graduation,Together,40548,0,1
1975,2n Cycle,Divorced,67893,0,1
1953,Graduation,Single,69267,0,0
1976,Basic,Divorced,9548,1,0
1958,Graduation,Single,68281,0,0
1960,2n Cycle,Together,92556,0,0
1979,Graduation,Single,48526,1,0
1991,Graduation,Single,90273,0,0
1981,2n Cycle,Together,19414,1,0
1958,PhD,Single,79761,0,1
1951,PhD,Married,53312,0,0
1982,2n Cycle,Together,41039,0,0
1961,Graduation,Together,88347,0,0
1983,PhD,Married,50150,0,0
1983,PhD,Married,50150,0,0
1971,Graduation,Single,10245,1,0
1985,PhD,Married,33454,1,0
1952,Graduation,Single,40887,1,1
1975,Graduation,Together,55914,0,1
1983,Graduation,Together,37292,1,0
1971,Graduation,Married,52914,0,1
1972,2n Cycle,Married,24884,1,0
1970,Graduation,Single,67384,0,1
1960,Graduation,Married,51651,0,1
1980,Graduation,Married,82497,0,0
1963,2n Cycle,Married,32632,0,0
1963,Master,Married,33562,1,2
1967,Graduation,Single,79146,1,1
1967,Graduation,Single,79146,1,1
1981,Master,Single,36143,1,0
1973,Master,Married,27159,1,1
1960,Master,Together,41275,1,2
1965,2n Cycle,Married,76800,0,0
1987,Graduation,Married,75794,0,0
1951,Graduation,Married,30833,1,1
1949,PhD,Single,26518,1,1
1981,Graduation,Single,91065,0,0
1962,Master,Single,45183,0,0
1950,Graduation,Together,48070,0,1
1971,Graduation,Widow,30372,1,1
1971,Graduation,Widow,30372,1,1
1975,2n Cycle,Married,57036,0,1
1970,Graduation,Widow,66731,0,1
1970,PhD,Divorced,35682,1,0
1989,Master,Divorced,10979,0,0
1989,Master,Divorced,10979,0,0
1965,PhD,Divorced,57912,0,1
1972,Graduation,Married,36026,2,1
1971,Graduation,Married,35788,1,1
1959,Graduation,Married,42243,1,1
1956,Graduation,Divorced,46086,0,1
1978,Master,Together,61346,1,0
1971,Master,Single,33316,1,1
1971,Master,Single,33316,1,1
1987,Basic,Single,21063,1,0
1970,Graduation,Single,33697,1,0
1978,2n Cycle,Married,25804,1,0
1977,Graduation,Married,72117,0,1
1966,Graduation,Married,61286,0,1
1966,Graduation,Married,61286,0,1
1958,Graduation,Together,65196,0,2
1971,Graduation,Divorced,55635,0,1
1981,Master,Together,42021,1,0
1972,Master,Married,75251,0,0
1968,Graduation,Together,35322,1,2
1969,PhD,Together,53374,0,1
1959,Graduation,Married,87195,0,0
1981,2n Cycle,Single,42395,1,1
1966,Graduation,Together,82427,0,0
1969,Master,Together,44602,1,1
1951,Graduation,Married,94642,0,0
1983,Graduation,Together,28359,1,0
1975,Graduation,Single,55801,1,1
1973,Graduation,Married,92955,0,0
1968,Graduation,Together,56534,0,1
1962,Graduation,Single,69627,0,1
1970,Master,Divorced,78579,0,0
1980,Graduation,Together,44964,1,1
1974,PhD,Single,30899,1,0
1964,PhD,Divorced,78825,0,0
1987,Graduation,Married,25545,1,0
1971,PhD,Widow,47111,0,1
1955,PhD,Single,49667,0,0
1947,Master,Together,66000,0,0
1964,PhD,Together,46910,1,1
1972,Basic,Married,25224,1,0
1968,Graduation,Together,77382,0,1
1967,PhD,Divorced,28420,1,0
1977,Graduation,Divorced,32952,1,0
1975,Graduation,Married,46149,0,1
1899,PhD,Together,83532,0,0
1947,PhD,Together,73059,0,1
1947,PhD,Together,73059,0,1
1959,Graduation,Married,35701,0,0
1983,Master,Single,89616,0,0
1970,Graduation,Together,105471,0,0
1948,Master,Widow,78427,0,0
1986,Graduation,Married,22518,1,0
1976,Graduation,Married,59809,0,2
1982,Graduation,Single,39660,1,0
1950,2n Cycle,Together,52203,0,0
1973,PhD,Alone,35860,1,1
1973,PhD,Divorced,35860,1,1
1973,PhD,Divorced,35860,1,1
1973,PhD,Divorced,35860,1,1
1950,PhD,Widow,76842,0,0
1951,Graduation,Single,15033,0,0
1970,PhD,Married,67353,0,1
1975,2n Cycle,Married,17003,1,0
1965,Master,Together,65735,1,1
1971,Graduation,Widow,45684,1,0
1969,Graduation,Together,21918,1,0
1978,Graduation,Married,51267,1,1
1972,Graduation,Together,59868,0,1
1991,Graduation,Married,51373,0,0
1958,Master,Together,46692,0,1
1971,Master,Together,157733,1,0
1950,PhD,Married,54432,2,1
1984,Graduation,Single,79607,0,0
1972,Graduation,Divorced,51813,1,1
1989,Basic,Married,17487,1,0
1968,PhD,Together,40706,2,1
1959,PhD,Divorced,62859,0,1
1958,Graduation,Married,61074,0,1
1969,Graduation,Widow,43638,0,1
1956,Graduation,Married,58116,0,1
1969,PhD,Widow,62187,0,1
1954,Graduation,Single,46344,1,1
1980,Graduation,Married,77353,0,1
1966,PhD,Single,69759,0,0
1986,Graduation,Divorced,21846,1,0
1975,Graduation,Together,76532,1,1
1965,Master,Married,70053,0,1
1958,2n Cycle,Single,75342,0,1
1982,Master,Together,27590,1,0
1973,Graduation,Married,51148,1,1
1963,Graduation,Divorced,33378,1,1
1973,PhD,Married,32644,1,0
1969,PhD,Married,33581,2,0
1978,2n Cycle,Married,12393,0,0
1984,PhD,Single,42710,1,0
1957,2n Cycle,Married,82347,0,0
1957,2n Cycle,Married,82347,0,0
1955,PhD,Married,22554,1,1
1987,Graduation,Married,17323,0,0
1960,Graduation,Divorced,62204,0,2
1956,PhD,Widow,78028,0,1
1962,Graduation,Divorced,63887,0,1
1965,PhD,Together,32727,0,0
1985,Graduation,Together,29103,1,0
1965,Graduation,Married,61482,0,0
1970,Graduation,Single,20587,1,0
1970,Graduation,Single,20587,1,0
1976,PhD,Together,52190,1,1
1974,Graduation,Together,48186,1,0
1968,Graduation,Married,19329,1,0
1971,Master,Married,34109,0,1
1986,Graduation,Married,23477,1,0
1966,PhD,Together,47472,1,1
1976,PhD,Divorced,14849,1,0
1978,2n Cycle,Married,26224,1,0
1962,PhD,Single,27238,1,1
1962,Graduation,Single,57967,0,1
1949,PhD,Widow,51569,0,1
1954,PhD,Married,72550,1,1
1970,Master,Married,44511,1,0
1955,2n Cycle,Married,62972,0,1
1955,2n Cycle,Married,62972,0,1
1989,PhD,Together,77845,0,0
1975,PhD,Married,36663,1,0
1976,Master,Married,53204,1,1
1982,Master,Married,21059,1,0
1953,Master,Married,67087,0,1
1953,Graduation,Single,73892,0,0
1992,Graduation,Together,75114,0,0
1948,Graduation,Married,42192,0,0
1960,Graduation,Married,31454,1,1
1978,Graduation,Together,22775,1,0
1978,Graduation,Together,22775,1,0
1972,Graduation,Together,31590,1,0
1972,Graduation,Married,80134,1,0
1972,Graduation,Married,80134,1,0
1972,Basic,Married,14188,0,0
1985,PhD,Married,18169,1,0
1956,Graduation,Married,62503,0,1
1954,Graduation,Married,46734,0,1
1991,PhD,Single,68126,0,0
1954,PhD,Married,52869,1,1
1986,Graduation,Single,26576,1,0
1976,Graduation,Single,75825,0,0
1950,Graduation,Married,57045,0,1
1975,2n Cycle,Together,34984,1,1
1973,Graduation,Married,27803,1,0
1975,PhD,Married,69283,0,1
1992,Basic,Single,18746,1,0
1965,2n Cycle,Married,70924,0,0
1965,2n Cycle,Married,70924,0,0
1973,2n Cycle,Together,69401,0,1
1976,Master,Divorced,75012,0,0
1978,Master,Together,85738,0,0
1975,Graduation,Together,60934,0,1
1986,Master,Married,27161,1,0
1961,PhD,Divorced,64325,0,1
1973,Basic,Married,18978,1,0
1977,Graduation,Married,41124,1,0
1984,PhD,Single,39684,1,0
1963,PhD,Married,53378,1,1
1982,Graduation,Married,37040,0,0
1977,Master,Married,78710,0,1
1986,Graduation,Married,92910,0,0
1976,Graduation,Together,36283,1,1
1974,PhD,Together,79632,0,0
1978,Graduation,Together,28587,1,0
1981,Graduation,Together,88325,0,0
1958,Master,Married,51412,0,1
1952,2n Cycle,Divorced,63998,0,0
1978,2n Cycle,Single,38593,1,0
1977,Master,Married,27889,1,0
1980,2n Cycle,Single,45889,0,1
1967,PhD,Together,56575,0,2
1979,Basic,Single,16014,1,1
1958,Master,Alone,61331,1,1
1976,Master,Single,70893,0,0
1979,Graduation,Married,2447,1,0
1957,Graduation,Single,64849,0,0
1989,Graduation,Married,42387,1,0
1995,2n Cycle,Single,80617,0,0
1985,Graduation,Together,54006,1,0
1978,Graduation,Together,16531,1,0
1966,PhD,Together,30843,1,1
1984,PhD,Married,18988,1,0
1965,PhD,Married,81051,0,0
1988,Graduation,Single,39747,1,0
1959,PhD,Single,34554,0,1
1959,PhD,Married,52854,1,1
1970,Graduation,Together,81205,0,0
1970,PhD,Married,69084,1,0
1970,PhD,Married,69084,1,0
1974,PhD,Married,65352,0,1
1972,Graduation,Married,22063,1,0
1979,Graduation,Single,47691,0,1
1968,PhD,Married,29187,1,0
1972,Graduation,Single,72504,0,1
1970,Graduation,Divorced,33986,1,0
1986,Master,Together,42386,1,0
1986,Master,Together,42386,1,0
1953,PhD,Divorced,36957,1,1
1988,Basic,Together,13724,1,0
1967,Graduation,Married,42664,0,1
1958,PhD,Together,37334,1,1
1951,2n Cycle,Married,78497,0,0
1951,2n Cycle,Married,78497,0,0
1956,2n Cycle,Together,58821,0,1
1953,Graduation,Together,58398,0,0
1961,Master,Married,80950,0,0
1980,PhD,Married,30732,1,0
1966,2n Cycle,Single,89572,0,0
1968,Graduation,Single,57107,0,1
1970,Graduation,Single,76467,1,0
1948,Graduation,Together,51315,0,0
1966,Graduation,Single,43602,1,1
1978,Graduation,Single,38643,1,1
1951,Graduation,Single,49090,0,1
1970,Graduation,Married,70617,0,0
1970,PhD,Married,67536,0,1
1975,Graduation,Married,27573,1,0
1979,2n Cycle,Divorced,13533,1,0
1953,Graduation,Married,50725,0,1
1978,Graduation,Together,25851,1,0
1978,Graduation,Married,57113,1,1
1945,Master,Together,62847,0,0
1982,Graduation,Single,68627,0,0
1983,Graduation,Married,25271,1,0
1966,Graduation,Single,63810,0,1
1966,Graduation,Single,63810,0,1
1958,PhD,Together,65488,0,0
1955,Master,Single,36927,1,1
1977,Graduation,Married,22108,1,1
1949,Graduation,Married,72025,0,0
1975,Graduation,Married,33183,1,0
1982,Master,Together,23661,1,0
1977,2n Cycle,Together,25315,1,0
1961,Graduation,Single,45938,0,0
1988,Graduation,Single,66951,0,0
1979,Graduation,Together,77298,0,1
1979,Graduation,Together,77298,0,1
1974,Master,Together,43018,0,1
1969,Graduation,Married,75759,0,0
1989,PhD,Single,33996,0,0
1989,PhD,Single,33996,0,0
1970,Graduation,Divorced,54137,0,1
1967,Graduation,Married,61223,0,1
1968,PhD,Divorced,69674,0,2
1972,Master,Single,49494,1,0
1962,Graduation,Together,51195,1,1
1975,2n Cycle,Married,37284,1,1
1975,2n Cycle,Married,37284,1,1
1978,Graduation,Together,42011,1,0
1954,Graduation,Divorced,70044,0,1
1972,Graduation,Together,46053,1,0
1981,Basic,Married,24480,1,0
1977,Graduation,Married,54233,0,1
1954,Graduation,Single,36130,0,1
1975,PhD,Together,56559,0,1
1992,Master,Single,92859,0,0
1980,Graduation,Together,44010,1,0
1963,Graduation,Married,80124,0,0
1963,Graduation,Married,80124,0,0
1980,Graduation,Married,50183,1,1
1971,Graduation,Married,64722,1,0
1976,PhD,Together,37395,1,0
1968,Master,Married,29543,2,0
1968,Graduation,Married,19514,1,1
1968,Graduation,Married,19514,1,1
1975,Graduation,Together,59481,0,1
1947,Master,Single,91712,0,0
1975,Graduation,Together,80144,0,0
1972,PhD,Married,59973,0,0
1974,PhD,Single,68352,0,1
1975,Master,Single,81169,0,0
1975,Graduation,Married,61456,0,1
1966,Basic,Together,22634,0,0
1966,Basic,Together,22634,0,0
1975,Graduation,Married,23957,1,0
1973,Graduation,Married,33471,1,0
1950,PhD,Together,52157,0,1
1985,PhD,Single,30298,0,0
1950,PhD,Widow,56551,1,1
1950,PhD,Widow,56551,1,1
1957,Master,Absurd,65487,0,0
1957,Master,Together,65487,0,0
1952,Graduation,Single,44213,1,1
1974,PhD,Married,40344,0,1
1978,Graduation,Together,57867,1,0
1973,Graduation,Married,25410,1,0
1970,Graduation,Married,13260,1,1
1991,Graduation,Married,42691,0,0
1970,Master,Married,36138,1,1
1972,Master,Married,57136,1,1
1955,Graduation,Widow,58275,1,1
1957,PhD,Divorced,54237,0,1
1974,PhD,Married,34596,1,0
1974,PhD,Married,34596,1,0
1961,Master,Together,74881,1,1
1961,Master,Together,74881,1,1
1970,Graduation,Divorced,44267,1,1
1988,Graduation,Married,68487,0,0
1988,Graduation,Married,68487,0,0
1959,Graduation,Single,80982,1,1
1980,Graduation,Together,69508,1,0
1961,PhD,Together,63342,0,1
1961,PhD,Together,63342,0,1
1961,Graduation,Single,82014,0,0
1959,Graduation,Widow,76320,0,1
1954,Graduation,Divorced,64587,1,1
1975,Graduation,Married,74190,0,1
1979,Master,Married,32765,1,0
1975,2n Cycle,Married,22212,1,0
1989,Graduation,Single,18358,1,0
1974,Graduation,Married,26067,1,0
1969,Basic,Together,22390,0,0
1978,Graduation,Together,70440,0,0
1978,Graduation,Single,60199,1,2
1981,Graduation,Together,38547,1,0
1980,Graduation,Married,19107,1,0
1985,PhD,Single,37929,0,0
1950,Graduation,Single,16813,0,0
1957,Graduation,Married,62187,0,0
1966,Graduation,Together,57811,0,1
1956,Master,Together,50943,0,1
1956,Master,Together,50943,0,1
1975,Graduation,Single,53201,1,1
1963,Graduation,Together,54414,1,1
1972,Graduation,Together,26290,1,1
1959,Graduation,Divorced,61250,0,1
1947,Basic,Together,28389,0,0
1965,Master,Single,55250,0,1
1966,Graduation,Together,37758,1,1
1966,Graduation,Together,37758,1,1
1957,PhD,Married,37633,1,1
1963,PhD,Together,33629,1,1
1967,PhD,Married,36947,1,1
1952,Graduation,Divorced,69142,0,1
1959,Graduation,Married,53154,0,1
1960,PhD,Married,65695,0,1
1952,PhD,Together,69805,0,1
1978,2n Cycle,Single,36975,1,0
1973,Graduation,Married,26228,1,0
1972,Master,Married,37787,1,0
1974,PhD,Married,37087,1,0
1952,2n Cycle,Together,57247,0,1
1954,PhD,Married,36930,0,1
1963,Master,Divorced,48721,1,1
1969,Master,Married,43641,1,1
1951,Graduation,Married,75903,0,1
1956,Graduation,Married,71391,0,1
1976,PhD,Married,16927,1,1
1961,Graduation,Divorced,27215,2,1
1976,Graduation,Married,53858,0,1
1963,Graduation,Single,30983,0,0
1952,Graduation,Together,43462,1,1
1956,Graduation,Married,63943,0,1
1986,Graduation,Single,26816,0,0
1976,2n Cycle,Together,75484,0,1
1966,Master,Together,33564,0,1
1953,Master,Married,54348,1,1
1959,Graduation,Married,54984,0,1
1984,Graduation,Single,34738,1,0
1963,Graduation,Divorced,68118,0,1
1963,Graduation,Divorced,68118,0,1
1973,Graduation,Together,22682,1,0
1975,Graduation,Married,51948,0,1
1969,Graduation,Married,25293,1,0
1969,Graduation,Married,25293,1,0
1964,PhD,Married,41551,1,1
1962,PhD,Together,56067,0,1
1952,Graduation,Married,67433,0,2
1983,Graduation,Together,22010,1,0
1952,2n Cycle,Single,64831,1,1
1954,Graduation,Married,62820,0,0
1954,Graduation,Married,62820,0,0
1959,2n Cycle,Divorced,78353,0,1
1966,Master,Married,57183,1,1
1965,Graduation,Single,23478,0,0
1978,Graduation,Single,30168,1,0
1989,Graduation,Married,37155,1,0
1985,Basic,Single,16581,0,0
1980,Graduation,Married,41850,1,1
1967,Master,Divorced,81380,0,0
1981,Graduation,Together,56386,1,1
1971,Graduation,Divorced,25818,1,0
1984,Graduation,Together,15345,1,0
1977,Master,Together,57954,1,1
1952,Graduation,Married,50300,0,1
1955,PhD,Married,38725,1,1
1989,2n Cycle,Together,10404,1,0
1991,Basic,Single,26868,1,0
1949,Graduation,Widow,72298,0,0
1958,Graduation,Married,72905,0,0
1976,Graduation,Single,47025,0,1
1985,Graduation,Single,29938,1,0
1948,PhD,Together,46681,0,2
1948,PhD,Together,46681,0,2
1970,Master,Single,29548,1,0
1956,Master,Married,62058,0,1
1963,PhD,Single,36736,1,1
1952,Master,Single,8820,1,1
1963,Basic,Together,14918,0,1
1974,Graduation,Together,56715,0,0
1978,Basic,Together,24882,1,0
1978,Basic,Together,24882,1,0
1952,Master,Together,40442,1,1
1965,2n Cycle,Divorced,64176,0,1
1983,PhD,Married,23536,1,0
1958,Graduation,Divorced,35246,1,1
1978,Graduation,Married,28442,2,0
1956,Graduation,Married,48195,1,1
1982,2n Cycle,Single,74116,0,0
1947,Master,Together,78093,0,0
1952,Master,Divorced,59354,1,1
1976,2n Cycle,Together,36301,1,0
1943,Master,Single,77598,0,0
1972,Graduation,Married,62710,0,1
1965,Graduation,Together,36317,0,1
1971,PhD,Single,42767,2,0
1982,Master,Married,43815,1,0
1971,Graduation,Divorced,44421,1,1
1943,PhD,Divorced,48948,0,0
1943,PhD,Divorced,48948,0,0
1950,Master,Divorced,63120,0,1
1950,PhD,Married,55517,1,1
1957,Graduation,Single,36864,0,1
1977,Graduation,Divorced,82582,0,0
1958,Graduation,Divorced,79803,0,1
1967,PhD,Single,52569,0,1
1948,PhD,Widow,82032,0,0
1948,PhD,Widow,82032,0,0
1972,Graduation,Married,65685,0,1
1972,Graduation,Married,65685,0,1
1957,PhD,Together,40451,0,2
1973,2n Cycle,Divorced,31163,1,0
1973,2n Cycle,Divorced,31163,1,0
1952,Graduation,Married,35704,1,1
1973,Graduation,Single,7500,1,0
1983,Graduation,Together,36075,1,0
1982,PhD,Together,70038,0,0
1982,PhD,Together,70038,0,0
1971,Graduation,Together,71796,0,0
1967,2n Cycle,Together,47821,1,1
1975,PhD,Married,45503,1,0
1978,Graduation,Single,28647,1,0
1972,Master,Divorced,37760,1,0
1952,PhD,Together,85431,0,0
1955,2n Cycle,Married,72635,0,0
1955,2n Cycle,Married,72635,0,0
1948,Graduation,Married,77142,0,0
1978,Graduation,Together,53172,0,1
1968,Graduation,Single,36065,1,1
1973,Graduation,Together,73926,0,0
1977,Graduation,Single,35790,1,0
1962,Graduation,Divorced,39552,1,1
1964,2n Cycle,Together,68316,0,1
1977,PhD,Together,102160,0,0
1965,Master,Widow,51390,1,1
1981,Graduation,Single,72066,0,0
1976,Graduation,Together,21675,1,0
1965,Graduation,Married,48006,1,1
1975,Graduation,Married,65106,0,1
1960,Graduation,Divorced,58401,0,1
1960,Graduation,Married,29315,1,1
1951,Master,Single,49389,1,1
1965,PhD,Together,51717,0,1
1960,2n Cycle,Widow,46779,1,1
1960,Master,Married,28520,1,1
1963,Graduation,Single,34377,0,1
1961,PhD,Divorced,54959,0,1
1955,Master,Together,82384,0,0
1956,Graduation,Single,46998,0,1
1968,Graduation,Together,58554,1,1
1968,Graduation,Together,58554,1,1
1954,PhD,Divorced,57333,0,1
1994,Graduation,Together,80685,0,0
1965,Graduation,Together,52117,0,1
1972,PhD,Together,62220,0,1
1946,PhD,Together,64014,2,1
1946,PhD,Together,64014,2,1
1955,Master,Divorced,46390,0,1
1979,Graduation,Together,75507,0,0
1979,Graduation,Together,75507,0,0
1951,Master,Married,59412,0,0
1968,PhD,Divorced,50616,0,1
1969,Master,Together,35924,1,1
1982,2n Cycle,Married,57937,0,1
1984,PhD,Married,73356,0,0
1974,Master,Together,21255,1,0
1974,Master,Married,58494,0,1
1969,Graduation,Married,72460,0,0
1991,PhD,Together,68682,0,0
1991,PhD,Together,68682,0,0
1981,Master,Married,36959,1,0
1971,PhD,Married,46463,1,1
1979,Graduation,Single,61825,0,1
1979,Graduation,Single,61825,0,1
1989,Graduation,Married,28691,1,0
1989,Graduation,Married,28691,1,0
1976,Graduation,Together,54058,0,1
1975,Graduation,Single,84196,0,1
1963,Master,Together,38620,0,0
1963,Master,Together,38620,0,0
1973,Graduation,Single,3502,1,0
1957,Graduation,Married,47743,0,1
1949,PhD,Married,80360,0,0
1971,Graduation,Married,66303,0,1
1969,Graduation,Married,52413,0,2
1956,Graduation,Single,60714,0,0
1984,Master,Single,31385,1,0
1995,2n Cycle,Single,83257,0,0
1975,PhD,Married,80427,0,1
1949,Graduation,Together,38823,0,1
1977,Graduation,Married,42014,1,0
1977,Graduation,Married,42014,1,0
1948,PhD,Together,76140,0,0
1964,2n Cycle,Divorced,41713,1,1
1954,PhD,Married,62670,0,1
1972,2n Cycle,Married,70932,0,1
1951,PhD,Married,78939,0,0
1960,Graduation,Together,44512,1,1
1968,Graduation,Married,63967,0,1
1948,Graduation,Single,90842,0,0
1947,PhD,Widow,25358,0,1
1982,Graduation,Single,28567,1,0
1978,Graduation,Married,66373,1,1
1978,Graduation,Married,66373,1,1
1952,Graduation,Together,83844,0,0
1952,Graduation,Together,83844,0,0
1952,Graduation,Together,83844,0,0
1968,PhD,Divorced,83664,1,1
1951,Master,Married,27450,0,0
1978,PhD,Single,54880,1,0
1965,PhD,Married,71322,0,1
1976,PhD,Single,60000,0,1
1969,Master,Together,65176,0,1
1952,PhD,Together,61010,0,1
1981,Graduation,Together,31089,1,0
1988,Graduation,Single,20518,1,0
1948,PhD,Married,34469,1,1
1952,Graduation,Married,28332,0,0
1965,Graduation,Together,33456,1,1
1968,PhD,Married,38443,1,1
1973,Graduation,Single,65333,0,1
1952,Graduation,Divorced,82623,0,0
1971,Graduation,Married,73691,0,1
1947,Graduation,Together,74485,0,0
1955,Graduation,Together,65748,0,1
1982,Basic,Single,24367,1,0
1971,Graduation,Single,91700,0,0
1993,Graduation,Absurd,79244,0,0
1957,PhD,Married,82017,0,0
1957,Graduation,Single,58138,0,0
1953,Master,Married,59354,0,2
1955,PhD,Married,58482,0,1
1976,Graduation,Together,29478,1,0
1972,Graduation,Together,64474,0,1
1975,Master,Single,31160,1,0
1972,Graduation,Married,40321,1,1
1972,Graduation,Married,40321,1,1
1971,Graduation,Single,55239,0,1
1943,PhD,Widow,57513,0,0
1979,Graduation,Together,85693,0,1
1977,Graduation,Married,71855,0,1
1976,Basic,Married,7500,0,0
1971,PhD,Married,71969,0,1
1977,PhD,Married,28973,0,0
1951,Graduation,Single,80872,0,0
1956,PhD,Married,84117,0,0
1958,2n Cycle,Single,38741,1,1
1973,Master,Married,38961,1,0
1968,Graduation,Single,75922,0,0
1965,Master,Married,56962,2,1
1965,Master,Married,56962,2,1
1949,Graduation,Widow,70165,0,0
1973,Graduation,Married,65308,0,0
1951,Master,Together,29298,1,1
1967,PhD,Married,63246,0,2
1952,Graduation,Together,33402,1,1
1990,Graduation,Single,96843,0,0
1986,PhD,Married,82333,0,0
1949,Graduation,Widow,72643,0,0
1982,PhD,Together,32313,1,0
1956,Master,Single,55284,0,1
1979,Graduation,Divorced,15287,1,0
1979,Graduation,Divorced,15287,1,0
1987,PhD,Married,51563,0,0
1976,Master,Married,81929,1,0
1953,PhD,Together,53593,1,1
1973,Master,Married,60432,0,1
1957,Master,Married,66726,1,1
1959,Graduation,Single,62450,0,1
1975,2n Cycle,Single,49514,1,0
1972,PhD,Married,43269,1,0
1959,PhD,Married,33762,2,1
1966,Graduation,Together,60894,0,1
1959,Graduation,Together,87771,0,1
1959,Graduation,Together,87771,0,1
1955,Graduation,Married,50737,0,1
1956,Graduation,Divorced,26150,2,1
1951,Graduation,Married,57304,0,1
1951,Graduation,Married,71107,0,1
1975,Master,Together,53253,1,1
1958,Graduation,Married,81320,0,0
1992,2n Cycle,Married,87000,0,0
1974,Graduation,Married,40049,0,1
1970,Graduation,Married,63684,0,1
1970,Graduation,Married,69016,0,1
1979,Graduation,Married,7500,0,1
1957,Graduation,Married,73803,0,1
1973,2n Cycle,Married,46094,1,1
1973,PhD,Married,85844,0,0
1955,Master,Married,38452,1,1
1955,Master,Married,38452,1,1
1955,Graduation,Married,80395,0,0
1988,Graduation,Together,87679,0,0
1949,Master,Divorced,35416,0,0
1946,PhD,Together,44124,0,1
1958,PhD,Single,50729,1,1
1953,Graduation,Together,94384,0,0
1953,Graduation,Together,94384,0,0
1990,Graduation,Single,34412,1,0
1985,Graduation,Married,31158,1,0
1951,Graduation,Married,34838,1,1
1979,Graduation,Married,56775,0,1
1949,PhD,Widow,54356,0,1
1978,PhD,Married,72159,0,0
1991,Graduation,Single,8028,0,0
1952,Master,Together,55951,0,1
1949,PhD,Together,67911,0,1
1949,PhD,Together,67911,0,1
1973,PhD,Together,20427,1,0
1970,PhD,Single,32303,0,1
1968,PhD,Married,55954,0,1
1976,PhD,Together,49187,0,1
1972,Master,Together,49854,1,0
1978,Graduation,Divorced,63693,0,1
1978,Graduation,Divorced,63693,0,1
1985,Master,Married,19510,2,0
1959,Graduation,Divorced,52332,0,0
1973,Graduation,Together,55593,0,1
1949,Graduation,Together,54591,0,1
1949,2n Cycle,Widow,74859,0,0
1971,Graduation,Divorced,40851,1,1
1949,PhD,Married,58607,0,1
1992,Basic,Single,7500,1,0
1975,PhD,Single,52614,0,1
1975,PhD,Single,52614,0,1
1974,Graduation,Married,67445,0,1
1974,Graduation,Married,67445,0,1
1974,Graduation,Married,67445,0,1
1968,PhD,Married,36778,1,1
1983,Graduation,Together,39453,1,0
1969,PhD,Together,42731,1,0
1965,PhD,Single,40760,0,1
1965,PhD,Married,69969,0,0
1955,Graduation,Single,80317,0,0
1957,Master,Together,66636,0,0
1975,Master,Married,54730,0,1
1971,Master,Divorced,42835,1,1
1965,Master,Married,53843,0,1
1960,Graduation,Married,79530,0,0
1968,Master,Divorced,63841,0,1
1968,Master,Divorced,63841,0,1
1968,Master,Divorced,63841,0,1
1983,Master,Married,27100,1,0
1983,Master,Married,27100,1,0
1976,Master,Single,72309,0,0
1959,Graduation,Single,50664,1,1
1979,Basic,Single,20194,1,0
1975,PhD,Married,76618,0,0
1974,PhD,Married,45207,1,1
1972,Graduation,Married,56721,1,1
1966,Graduation,Widow,27038,0,0
1977,Graduation,Single,23763,1,0
1975,Graduation,Married,37085,1,1
1966,Master,Married,49605,0,0
1971,Graduation,Divorced,1730,0,0
1995,Graduation,Single,34824,0,0
1995,Graduation,Single,34824,0,0
1974,Master,Married,63206,0,0
1972,Graduation,Divorced,26759,1,0
1976,PhD,Divorced,55412,1,1
1974,Graduation,Together,33590,2,1
1971,Graduation,Married,70886,1,0
1969,Graduation,Single,72679,0,1
1943,Master,Married,65073,0,0
1965,Graduation,Married,44300,1,1
1953,Master,Together,56129,0,1
1953,Master,Together,56129,0,1
1971,Graduation,Together,38590,1,0
1958,2n Cycle,Together,53083,1,1
1976,2n Cycle,Single,79689,0,0
1966,Graduation,Single,34704,0,1
1962,Graduation,Married,65316,1,1
1978,PhD,Married,41014,1,0
1960,Graduation,Together,19740,0,1
1979,Basic,Together,23724,1,0
1969,PhD,Married,55212,0,1
1969,PhD,Married,55212,0,1
1955,Graduation,Widow,79800,0,0
1967,Graduation,Divorced,70647,0,1
1974,PhD,Married,38410,0,0
1980,Graduation,Single,28071,0,0
1969,Graduation,Single,54803,0,1
1993,Graduation,Single,74293,0,0
1993,Graduation,Single,74293,0,0
1984,2n Cycle,Married,35684,1,0
1986,PhD,Together,34320,1,0
1981,Graduation,Single,41967,1,1
1976,Master,Married,49681,0,2
1976,Master,Married,49681,0,2
1970,Graduation,Together,53187,1,0
1951,Graduation,Together,86610,0,0
1985,Graduation,Married,70951,0,0
1970,Graduation,Single,24206,1,0
1985,Graduation,Married,55357,2,0
1959,Graduation,Married,58113,0,1
1984,PhD,Married,70643,0,0
1985,PhD,Married,64355,1,0
1959,Master,Together,82576,0,0
1972,PhD,Single,41644,1,1
1984,Graduation,Married,72570,0,0
1965,Graduation,Divorced,30630,1,1
1981,Master,Single,22944,1,0
1971,PhD,Divorced,86979,0,0
1970,PhD,Together,82072,0,0
1973,Master,Divorced,52034,1,1
1993,Graduation,Single,72354,0,0
1983,Graduation,Together,28427,1,0
1983,Graduation,Together,28427,1,0
1969,Master,Single,39858,1,0
1951,Master,Married,67381,0,1
1965,Basic,Single,23529,0,1
1967,Graduation,Married,51479,1,1
1975,Graduation,Married,76068,0,1
1954,Graduation,Single,22507,0,0
1984,Graduation,Single,52413,1,0
1957,Graduation,Together,50116,1,1
1962,Graduation,Single,76624,0,1
1953,Graduation,Together,34587,1,1
1946,PhD,Single,62159,0,0
1965,Graduation,Single,66294,0,0
1950,PhD,Together,5648,1,1
1984,Graduation,Together,37235,1,0
1964,Graduation,Widow,85620,0,0
1984,Graduation,Together,23976,1,0
1987,Master,Single,41020,0,0
1984,Graduation,Single,36108,1,0
1951,Master,Divorced,57530,0,1
1964,2n Cycle,Married,62905,0,1
1945,PhD,Married,65846,0,0
1977,Graduation,Married,34380,1,0
1964,Graduation,Divorced,41638,0,1
1992,Graduation,Together,63207,0,0
1950,Graduation,Together,28320,0,1
1957,Graduation,Married,43140,0,1
1971,Graduation,Married,52531,0,0
1977,Graduation,Divorced,40246,1,0
1984,Graduation,Together,35196,1,0
1984,Graduation,Together,35196,1,0
1985,Graduation,Single,70596,0,0
1985,Graduation,Single,70596,0,0
1962,PhD,Single,52597,0,1
1972,Master,Single,42394,1,0
1969,Graduation,Single,81657,0,0
1960,PhD,Married,49154,1,1
1952,Graduation,Together,34074,1,1
1955,Master,Divorced,70638,0,0
1978,Graduation,Married,38136,1,0
1973,Graduation,Married,67432,0,1
1951,Graduation,Together,40689,0,1
1951,Graduation,Together,40689,0,1
1983,Graduation,Single,101970,0,0
1972,PhD,Married,44325,0,1
1948,PhD,Married,61467,0,2
1975,Graduation,Married,48178,1,1
1980,Basic,Married,16005,1,0
1973,Graduation,Married,79593,0,0
1973,Graduation,Married,79593,0,0
1959,Graduation,Married,61180,0,1
1989,Graduation,Single,64449,1,0
1963,Graduation,Married,77437,0,0
1976,Graduation,Married,17649,1,0
1954,Graduation,Together,53103,0,1
1971,Graduation,Together,71819,0,1
1971,Master,Divorced,74290,0,1
1951,Graduation,Single,72282,0,0
1951,Master,Together,47352,0,1
1951,Master,Together,47352,0,1
1961,Graduation,Single,46524,0,1
1976,Graduation,Together,50200,1,1
1990,Graduation,Married,18222,0,0
1952,PhD,Married,77610,0,1
1970,PhD,Married,38097,1,1
1968,PhD,Married,44377,1,1
1981,Graduation,Single,58684,0,0
1965,Graduation,Married,66480,1,1
1952,Graduation,Divorced,49638,0,1
1950,PhD,Together,50616,0,1
1967,PhD,Divorced,26642,1,0
1986,Graduation,Together,33235,1,0
1969,Graduation,Together,23228,1,0
1959,PhD,Married,36732,1,1
1946,Graduation,Together,82657,0,0
1964,PhD,Divorced,64140,0,2
1974,Graduation,Together,44392,1,1
1990,Basic,Single,16185,1,0
1978,2n Cycle,Together,38702,1,0
1963,PhD,Married,54072,1,1
1987,Master,Divorced,61787,0,0
1992,Graduation,Married,34935,0,0
1992,Graduation,Married,34935,0,0
1950,PhD,Together,59292,0,1
1950,PhD,Together,59292,0,1
1955,Graduation,Single,57959,0,1
1983,PhD,Married,92491,0,0
1984,Master,Married,42207,1,0
1956,Graduation,Widow,46984,1,1
1987,Graduation,Single,23442,1,0
1963,PhD,Single,46757,0,1
1980,2n Cycle,Together,14515,1,0
1986,2n Cycle,Single,80910,0,0
1979,Graduation,Together,30545,1,0
1970,Master,Single,44802,0,0
1976,Graduation,Single,79941,0,0
1969,Master,Married,79734,0,0
1977,Master,Married,50353,0,0
1956,PhD,Together,77376,1,1
1972,PhD,Married,78075,0,0
1976,PhD,Single,42473,1,1
1988,Graduation,Single,25008,1,0
1948,PhD,Married,56223,0,1
1980,Graduation,Married,47850,1,0
1986,PhD,Together,91820,0,0
1965,PhD,Single,40637,1,1
1959,Graduation,Divorced,23295,0,0
1952,Graduation,Single,84574,0,0
1969,Graduation,Together,54165,0,0
1981,Graduation,Divorced,28510,1,1
1956,Graduation,Married,67131,0,1
1969,PhD,Married,56242,0,1
1983,PhD,Married,86580,0,0
1955,Graduation,Together,76005,0,0
1962,PhD,Married,54693,0,1
1955,Master,Married,52750,0,1
1968,Graduation,Divorced,36997,1,1
1965,PhD,Together,34230,1,1
1960,Graduation,Widow,47916,0,1
1979,2n Cycle,Together,60839,1,1
1972,PhD,Married,79930,0,0
1970,PhD,Married,55158,1,1
1958,2n Cycle,Single,85485,0,0
1943,PhD,Married,75865,0,0
1965,Graduation,Married,44375,0,1
1971,PhD,Single,60504,0,1
1959,Graduation,Married,65492,0,0
1980,2n Cycle,Single,67506,0,1
1959,PhD,Divorced,68805,0,1
1970,Graduation,Single,61209,0,0
1967,Graduation,Together,66825,0,0
1983,PhD,Single,87188,0,0
1953,Master,Widow,84953,0,0
1954,PhD,Single,74637,0,0
1962,Graduation,Married,86111,0,0
1947,Master,Together,77632,0,0
1973,Graduation,Married,31814,1,0
1972,PhD,Married,70116,0,0
1969,PhD,Single,48240,0,0
1985,Master,Together,40101,1,0
1953,Graduation,Married,70503,0,0
1975,Graduation,Married,79205,0,0
1980,Graduation,Single,51766,1,0
1980,Graduation,Together,62994,1,0
1974,PhD,Together,65640,0,1
1969,Graduation,Together,38361,1,0
1969,Graduation,Together,38361,1,0
1985,Graduation,Married,19986,1,0
1985,Graduation,Married,19986,1,0
1985,Graduation,Single,72903,0,0
1948,PhD,Divorced,45072,1,2
1967,PhD,Married,59062,2,1
1961,Master,Married,61794,0,1
1965,Master,Together,45143,0,1
1965,Master,Together,45143,0,1
1969,Master,Single,26877,0,0
1965,PhD,Divorced,36921,1,1
1956,2n Cycle,Together,54342,1,1
1969,Master,Single,62772,0,1
1959,PhD,Married,75032,0,1
1963,Graduation,Married,22419,0,0
1963,Graduation,Married,22419,0,0
1978,2n Cycle,Married,36550,1,0
1953,Graduation,Married,75027,0,1
1974,PhD,Single,63159,0,0
1973,Master,Married,54108,1,1
1952,Graduation,Married,81795,0,0
1965,Graduation,Married,59594,0,1
1982,Master,Together,18492,1,0
1958,Graduation,Single,94472,0,1
1979,Graduation,Single,70337,0,0
1973,Graduation,Single,34853,1,1
1984,PhD,Single,16269,1,0
1982,Graduation,Together,50272,1,0
1971,Graduation,Single,22804,1,0
1971,Graduation,Single,22804,1,0
1974,Graduation,Married,30631,1,0
1966,PhD,Single,78420,0,0
1980,Graduation,Single,81741,0,0
1971,Graduation,Married,25721,1,0
1972,Graduation,Single,31907,0,0
1962,Graduation,Divorced,37859,1,2
1972,Graduation,Together,30261,1,2
1979,Graduation,Together,21645,1,0
1978,2n Cycle,Divorced,21282,1,0
1954,Graduation,Together,32144,1,1
1954,Master,Divorced,62637,0,1
1971,Graduation,Together,16626,2,0
1971,2n Cycle,Married,54690,1,1
1971,2n Cycle,Married,54690,1,1
1955,PhD,Single,61284,0,0
1976,2n Cycle,Married,23718,1,0
1962,PhD,Single,33419,0,1
1983,Graduation,Divorced,82025,0,0
1958,Basic,Single,15056,1,1
1958,Graduation,Married,48192,0,0
1967,2n Cycle,Together,67309,1,1
1957,Graduation,Widow,66033,0,1
1977,Graduation,Single,28769,1,0
1957,PhD,Together,6835,0,1
1986,Graduation,Married,32880,1,0
1982,2n Cycle,Single,23616,1,0
1981,Graduation,Married,19419,1,0
1973,Graduation,Married,34961,1,0
1976,Graduation,Divorced,64892,0,1
1988,2n Cycle,Married,16248,1,0
1983,Graduation,Together,43776,1,0
1967,Graduation,Single,52074,0,1
1960,Basic,Widow,22123,0,0
1978,Master,Single,35544,1,0
1989,2n Cycle,Married,59060,1,0
1976,Graduation,Married,65665,0,1
1971,Graduation,Divorced,29819,1,0
1989,Graduation,Single,81217,0,0
1989,Graduation,Single,81217,0,0
1990,Graduation,Single,26095,1,0
1970,2n Cycle,Divorced,65706,0,0
1976,Graduation,Divorced,31859,1,0
1941,PhD,Married,93027,0,0
1970,Graduation,Divorced,58710,0,1
1966,Master,Together,49618,1,1
1964,Master,Single,58308,0,1
1964,Graduation,Married,40800,1,2
1959,Graduation,Married,18690,0,0
1959,Graduation,Married,18690,0,0
1959,Graduation,Married,18690,0,0
1958,Graduation,Together,28087,1,1
1967,Graduation,Together,75702,1,1
1971,PhD,Together,32892,1,0
1971,PhD,Together,32892,1,0
1959,Master,Together,89120,0,0
1961,Graduation,Married,27116,1,1
1989,Graduation,Single,46107,1,0
1973,PhD,Single,54466,1,1
1965,Graduation,Single,59686,0,1
1950,Graduation,Divorced,82460,0,0
1960,PhD,Single,76045,0,0
1975,Graduation,Divorced,83829,0,0
1975,Graduation,Divorced,83829,0,0
1968,Master,Together,32889,1,1
1979,Master,Divorced,33462,1,0
1975,Graduation,Divorced,36627,2,0
1982,Graduation,Married,28718,1,0
1972,Graduation,Married,77981,1,0
1956,Graduation,Single,60230,0,1
1969,Graduation,Together,74918,0,0
1953,Graduation,Single,40464,0,1
1956,Master,Single,64857,0,0
1956,Master,Single,64857,0,0
1960,Graduation,Together,63381,0,1
1960,Graduation,Together,63381,0,1
1982,2n Cycle,Together,66664,0,0
1982,2n Cycle,Together,66664,0,0
1966,Graduation,Single,86358,1,1
1977,Graduation,Married,41443,1,0
1961,PhD,Married,57072,0,1
1967,Graduation,Together,54178,0,1
1950,PhD,Single,48767,1,2
1955,Master,Single,51124,1,1
1970,Graduation,Single,43020,1,0
1963,Graduation,Single,49980,0,1
1955,Graduation,Single,72906,0,0
1976,2n Cycle,Together,25176,1,1
1977,Graduation,Together,96876,0,0
1979,2n Cycle,Married,31086,1,1
1983,Graduation,Single,24072,1,0
1954,Graduation,Divorced,76773,0,0
1965,Graduation,Married,72190,0,0
1948,PhD,Married,83837,0,0
1978,Graduation,Married,17345,1,0
1958,Master,Single,75154,0,1
1961,Basic,Married,28249,0,0
1961,Basic,Married,28249,0,0
1980,Master,Married,69661,0,0
1979,PhD,Together,27922,1,0
1966,Master,Together,45903,0,1
1977,Master,Single,36273,1,0
1968,Master,Married,70777,0,1
1976,Graduation,Married,17148,1,0
1969,Master,Together,66476,0,1
1979,Master,Married,45057,1,0
1968,Graduation,Married,41120,1,1
1986,Master,Single,19485,2,0
1983,PhD,Together,21840,1,0
1985,2n Cycle,Single,41473,1,0
1956,2n Cycle,Divorced,31395,1,1
1947,PhD,Widow,68117,0,1
1975,2n Cycle,Widow,47682,0,1
1972,Master,Married,83151,0,0
1969,PhD,Divorced,58086,0,1
1958,PhD,Together,84460,0,0
1962,Graduation,Single,66565,0,1
1969,Graduation,Divorced,23910,1,0
1968,Graduation,Single,35893,1,1
1973,Graduation,Divorced,71128,1,0
1989,2n Cycle,Together,38683,1,0
1971,Graduation,Married,37150,1,0
1976,Graduation,Married,61064,0,1
1976,PhD,Married,51650,0,1
1956,Master,Together,55249,0,1
1973,PhD,Single,46854,1,1
1996,Basic,Married,14421,0,0
1969,PhD,Together,54132,0,1
1975,Graduation,Divorced,153924,0,0
1978,Graduation,Married,64813,1,0
1970,Master,Married,61872,0,1
1979,Graduation,Married,58025,0,1
1948,Master,Married,83790,0,0
1979,Graduation,Together,34350,1,0
1958,PhD,Widow,33438,1,1
1986,2n Cycle,Married,21955,1,0
1971,PhD,Married,60491,0,1
1964,PhD,Married,59304,0,1
1974,Graduation,Married,34421,1,0
1974,Graduation,Married,34421,1,0
1953,PhD,Single,51411,1,2
1958,Graduation,Divorced,71964,0,0
1953,PhD,Together,64504,1,2
1961,Graduation,Married,49678,0,1
1976,Master,Single,60482,0,1
1972,PhD,Single,55260,0,1
1969,Master,Widow,67369,0,1
1962,Master,Together,47175,1,1
1967,Graduation,Divorced,68743,0,0
1981,PhD,Together,56937,1,0
1986,Graduation,Together,83033,1,0
1976,Graduation,Single,37697,1,0
1976,Graduation,Single,37697,1,0
1951,Graduation,Married,44689,1,1
1970,2n Cycle,Married,23162,1,1
1959,Graduation,Divorced,63033,0,0
1967,PhD,Single,40304,1,0
1984,Graduation,Married,40059,1,0
1954,Graduation,Married,80067,0,0
1981,PhD,Single,36038,1,0
1968,Graduation,Together,40521,1,1
1956,PhD,Married,66334,0,1
1984,Graduation,Single,11012,1,0
1976,Graduation,Divorced,31615,1,0
1949,PhD,Married,69098,0,0
1951,Graduation,Widow,70792,0,0
1979,Graduation,Married,17688,1,0
1989,Basic,Married,25443,1,0
1972,PhD,Married,57091,0,1
1981,2n Cycle,Single,24336,1,0
1981,2n Cycle,Married,51111,1,1
1972,Graduation,Single,44503,1,1
1971,Master,Married,56850,0,1
1969,PhD,Single,66582,0,0
1985,2n Cycle,Married,23148,0,0
1964,Graduation,Married,82224,0,0
1974,PhD,Married,61917,1,1
1966,Graduation,Together,43482,2,1
1979,Graduation,Divorced,68274,1,1
1974,Graduation,Single,42373,1,1
1979,Graduation,Single,57537,1,0
1958,PhD,Widow,80995,0,1
1976,Graduation,Divorced,30992,1,0
1976,Graduation,Divorced,30992,1,0
1971,PhD,Together,78642,0,1
1955,Graduation,Married,74268,0,0
1962,Graduation,Together,75072,0,1
1963,Graduation,Together,56253,0,1
1955,Graduation,Together,59925,0,1
1960,Graduation,Together,62807,0,1
1960,Graduation,Together,62807,0,1
1970,PhD,Married,23626,1,0
1976,Master,Together,46106,1,1
1965,Graduation,Married,81168,0,0
1979,Graduation,Married,27244,1,0
1957,Graduation,Together,26091,1,1
1957,Graduation,Together,26091,1,1
1969,Master,Married,43142,1,1
1971,Graduation,Together,38232,1,1
1985,Graduation,Married,92533,0,0
1945,Graduation,Widow,63285,0,0
1955,Graduation,Together,38946,0,1
1955,Graduation,Together,38946,0,1
1975,PhD,Married,40233,0,1
1969,2n Cycle,Married,46831,1,1
1987,Graduation,Together,67605,0,0
1976,Master,Single,70379,0,1
1957,2n Cycle,Divorced,77297,0,0
1962,Graduation,Married,55759,0,1
1951,Master,Single,58217,2,1
1976,Graduation,Together,51369,0,1
1976,Graduation,Together,51369,0,1
1956,Graduation,Single,91249,0,0
1978,2n Cycle,Together,52513,0,0
1970,Master,Married,44159,1,0
1962,Graduation,Together,76081,0,0
1962,Graduation,Together,76081,0,0
1974,Graduation,Divorced,39996,1,1
1973,PhD,Together,55012,0,1
1947,Graduation,Single,77457,0,0
1963,Graduation,Single,80695,0,0
1956,Graduation,Married,71866,0,1
1982,Master,Together,73450,0,0
1944,PhD,Divorced,55614,0,0
1949,PhD,Married,156924,0,0
1967,2n Cycle,Together,30753,1,1
1956,Master,Together,54603,1,1
1975,Graduation,Together,22280,1,0
1951,Master,Together,59385,1,1
1955,Graduation,Married,76998,0,1
1971,Master,Together,80573,0,0
1971,Master,Together,80573,0,0
1982,Graduation,Married,24711,0,0
1959,PhD,Married,38829,0,1
1974,PhD,Single,71466,0,0
1956,Master,Together,28839,1,1
1951,Graduation,Married,53790,0,2
1951,Master,Widow,73705,0,2
1982,Graduation,Married,22448,1,0
1976,Graduation,Divorced,12571,1,0
1960,Master,Together,73113,0,0
1990,Graduation,Married,35765,1,0
1966,PhD,Single,46734,1,2
1963,PhD,Together,66313,0,1
1957,Master,Together,68148,0,0
1965,Graduation,Married,44393,1,1
1986,PhD,Together,38197,1,0
1946,PhD,Married,51012,0,0
1946,PhD,Married,51012,0,0
1960,Graduation,Together,13672,1,1
1953,Graduation,Together,41452,1,1
1982,Graduation,Married,42081,1,0
1986,Basic,Single,14906,0,0
1985,2n Cycle,Single,33812,1,0
1975,Master,Single,46098,1,1
1975,Master,Single,46098,1,1
1975,Master,Single,46098,1,1
1956,2n Cycle,Married,53230,0,1
1989,Master,Together,88420,0,0
1963,2n Cycle,Single,39548,1,1
1953,Graduation,Together,61278,0,1
1964,Graduation,Single,81246,0,0
1975,Graduation,Widow,58330,0,1
1975,Graduation,Widow,58330,0,1
1967,Graduation,Together,65777,0,0
1980,2n Cycle,Married,70829,1,1
1962,Master,Single,59247,0,2
1967,Graduation,Single,25930,1,1
1959,Graduation,Together,54753,0,1
1974,PhD,Together,28440,1,0
1973,2n Cycle,Married,23559,1,0
1952,Graduation,Divorced,62335,0,1
1979,Graduation,Married,63777,1,1
1972,Graduation,Married,59666,1,1
1956,Master,Married,50965,0,1
1965,2n Cycle,Together,71488,0,0
1952,Graduation,Single,72228,0,0
1953,PhD,Single,46231,2,1
1974,Graduation,Together,75702,0,1
1971,Graduation,Divorced,43300,0,1
1957,Graduation,Married,78618,0,0
1985,Graduation,Single,29760,1,0
1985,Graduation,Single,29760,1,0
1962,Graduation,Together,50127,0,1
1988,Graduation,Together,29604,1,0
1952,Graduation,Married,49413,0,1
1958,Graduation,Married,51876,0,0
1974,Graduation,Married,45837,1,1
1962,PhD,Divorced,85696,0,0
1962,PhD,Divorced,85696,0,0
1962,Master,Divorced,59432,0,1
1951,Graduation,Divorced,43185,0,1
1975,PhD,Married,60631,1,1
1985,Master,Married,20559,1,0
1956,Master,Together,50898,1,1
1978,Graduation,Married,73807,0,1
1956,Master,Together,14661,0,0
1954,Graduation,Together,36807,1,1
1975,2n Cycle,Together,46772,0,1
1947,PhD,Together,81574,0,0
1976,Graduation,Married,30772,1,1
1978,PhD,Married,46377,1,0
1974,PhD,Married,78128,0,1
1972,PhD,Together,83443,0,0
1960,2n Cycle,Together,50523,1,1
1965,Graduation,Together,47009,0,1
1967,Master,Married,37054,1,1
1971,PhD,Married,32011,1,0
1962,2n Cycle,Together,82122,0,0
1975,Graduation,Divorced,70300,1,0
1976,Master,Together,21024,0,0
1968,Graduation,Together,34916,2,0
1967,Graduation,Together,27943,1,1
1971,Master,Married,39791,0,1
1965,PhD,Married,62745,0,1
1969,Graduation,Single,18589,0,0
1976,Graduation,Together,85606,0,1
1951,Basic,Married,26997,0,0
1961,Graduation,Single,82332,0,0
1970,PhD,Married,38853,1,1
1968,Master,Divorced,27071,1,0
1954,PhD,Single,90933,0,0
1966,PhD,Together,65814,0,1
1958,PhD,Together,74250,0,0
1976,Master,Married,33181,1,0
1944,Master,Widow,45006,0,0
1958,Master,Together,42315,0,1
1950,PhD,Married,48699,1,1
1954,Graduation,Married,59111,0,0
1955,Graduation,Married,48726,0,1
1955,Graduation,Divorced,37244,1,1
1970,Graduation,Together,74854,1,2
1964,PhD,Married,60896,0,1
1988,PhD,Married,67546,0,0
1988,PhD,Married,67546,0,0
1987,Graduation,Single,46923,1,0
1972,Graduation,Married,38988,1,2
1971,2n Cycle,Divorced,49118,0,0
1978,PhD,Together,27683,1,0
1974,PhD,Single,39190,1,0
1981,Graduation,Divorced,56981,0,0
1984,Graduation,Married,23228,1,0
1984,Graduation,Married,90000,0,0
1953,PhD,Married,55707,0,1
1989,Graduation,Single,9255,1,0
1977,PhD,Single,42997,1,1
1959,Graduation,Together,71232,0,1
1954,PhD,Married,57744,0,1
1966,Master,Married,33585,0,1
1965,2n Cycle,Married,46891,0,1
1965,2n Cycle,Married,46891,0,1
1956,Graduation,Married,50387,0,2
1969,Graduation,Together,76653,0,0
1956,PhD,Together,76542,0,0
1949,Master,Married,76995,0,1
1978,Graduation,Married,38415,1,1
1956,Graduation,Divorced,22304,0,0
1952,Graduation,Single,75127,0,0
1952,Graduation,Single,75127,0,0
1953,Graduation,Married,39722,0,1
1966,PhD,Single,7144,0,2
1977,Graduation,Together,39771,1,0
1972,Master,Divorced,42618,1,0
1958,PhD,Together,51518,0,1
1972,Graduation,Married,74716,0,1
1975,Graduation,Single,33955,1,0
1954,Master,Married,45736,0,1
1971,Graduation,Single,31632,0,0
1974,Graduation,Married,60093,0,1
1969,Graduation,Single,30822,1,0
1968,Graduation,Together,41728,1,0
1958,Master,Married,80739,0,0
1991,Graduation,Single,49767,0,0
1981,Basic,Married,34445,0,0
1951,Graduation,Widow,67046,0,1
1965,Graduation,Married,73538,0,1
1966,Graduation,Married,80398,0,0
1956,Master,Married,52973,0,1
1954,Graduation,Married,38998,1,1
1954,Graduation,Married,38998,1,1
1958,2n Cycle,Together,26490,0,0
1958,2n Cycle,Together,26490,0,0
1988,2n Cycle,Married,23331,1,0
1961,Graduation,Married,60544,1,1
1961,Graduation,Married,60544,1,1
1971,PhD,Together,49269,1,0
1950,Graduation,Together,27203,1,1
1988,2n Cycle,Together,45204,1,0
1978,Graduation,Married,67023,0,0
1978,Graduation,Married,77583,0,0
1983,Graduation,Married,76630,0,0
1960,Master,Married,47353,0,1
1964,Graduation,Married,48920,0,2
1947,PhD,Married,67472,0,1
1964,Master,Married,64100,0,1
1988,Graduation,Married,38872,1,0
1962,Master,Single,72217,0,0
1987,Basic,Single,15038,1,0
1976,Graduation,Married,13624,1,0
1978,Graduation,Together,42554,1,1
1986,Graduation,Married,71952,1,0
1986,Graduation,Married,71952,1,0
1971,2n Cycle,Married,78041,0,0
1964,Master,Single,63972,0,1
1957,Graduation,Married,52852,0,1
1972,PhD,Married,62010,0,1
1960,Master,Together,83151,0,0
1967,Graduation,Married,77870,0,1
1977,Graduation,Together,46931,2,1
1977,Graduation,Single,85072,0,0
1987,Master,Married,73395,0,0
1952,Graduation,Single,62307,0,1
1981,PhD,Married,58293,1,0
1974,Graduation,Together,47889,1,0
1979,Basic,Together,24594,1,0
1979,Basic,Together,24594,1,0
1965,Master,Single,69882,0,0
1959,Graduation,Together,24221,0,0
1985,Graduation,Single,22327,1,0
1961,Master,Married,61923,0,2
1965,Master,Single,35791,2,1
1965,Master,Single,35791,2,1
1990,Master,Single,91172,0,0
1967,Graduation,Married,35441,1,1
1970,Graduation,Together,19656,1,0
1987,Graduation,Married,7500,0,0
1979,Graduation,Married,71626,0,0
1977,Graduation,Married,75330,1,1
1976,Master,Married,34529,1,0
1992,Graduation,Single,48789,0,0
1977,PhD,Divorced,34487,1,1
1973,2n Cycle,Married,35688,2,1
1973,2n Cycle,Married,35688,2,1
1952,Graduation,Single,53700,0,1
1987,Master,Single,73454,0,0
1957,Graduation,Married,71113,0,1
1980,Master,Married,31535,1,0
1953,Graduation,Together,80812,0,0
1982,Graduation,Together,40479,1,0
1960,Graduation,Married,29440,1,1
1986,Graduation,Married,38508,1,0
1983,Graduation,Married,69520,0,0
1964,Graduation,Single,18701,1,1
1964,Graduation,Single,18701,1,1
1969,Graduation,Divorced,69901,0,1
1953,Graduation,Married,47703,0,1
1991,Graduation,Single,86037,0,0
1978,Graduation,Divorced,71847,0,0
1971,2n Cycle,Together,42033,1,1
1964,Graduation,Divorced,51983,0,1
1988,Graduation,Single,68655,0,0
1988,Graduation,Single,68655,0,0
1959,Graduation,Together,38285,2,1
1970,Master,Together,79419,0,0
1975,Graduation,Single,57338,0,1
1964,Graduation,Married,42523,0,0
1964,Graduation,Married,42523,0,0
1984,Graduation,Married,31761,1,0
1969,Graduation,Married,65747,0,1
1960,Master,Together,17144,1,1
1960,Master,Together,17144,1,1
1965,PhD,Married,84618,0,0
1965,PhD,Married,84618,0,0
1948,PhD,Together,66375,0,1
1957,Graduation,Together,42213,0,1
1940,PhD,Single,51141,0,0
1980,Graduation,Married,15072,2,0
1986,2n Cycle,Married,7500,1,0
1978,2n Cycle,Together,17117,1,0
1965,Graduation,Married,59754,0,1
1953,Master,Married,65569,0,1
1952,2n Cycle,Widow,28457,0,0
1972,PhD,Single,86857,0,0
1972,PhD,Single,86857,0,0
1964,Graduation,Together,68142,0,1
1953,Graduation,Together,48794,1,1
1964,Graduation,Together,63404,0,2
1974,2n Cycle,Together,49669,1,0
1964,Graduation,Together,55761,0,1
1958,Graduation,Divorced,78331,0,1
1973,Graduation,Married,37971,1,0
1977,Graduation,Married,30368,0,1
1978,PhD,Together,34043,1,0
1965,PhD,Widow,54111,0,1
1964,Graduation,Divorced,69932,0,1
1981,PhD,Together,39665,1,0
1954,Graduation,Married,93404,1,2
1984,Graduation,Married,38680,1,0
1984,Graduation,Married,24570,1,0
1967,PhD,Married,77766,0,1
1967,PhD,Married,77766,0,1
1958,Graduation,Together,64961,0,1
1968,Master,Divorced,23748,1,0
1964,Graduation,Single,45989,0,1
1988,2n Cycle,Single,23331,1,0
1954,PhD,Married,70421,0,1
1963,PhD,Single,23091,1,1
1990,2n Cycle,Married,24683,1,0
1973,PhD,Married,157243,0,1
1973,PhD,Married,54222,0,1
1968,Graduation,Widow,73455,0,0
1972,Graduation,Together,84906,0,0
1972,Graduation,Together,84906,0,0
1978,2n Cycle,Married,47025,0,1
1966,Graduation,Married,44529,0,1
1974,PhD,Single,31560,1,0
1983,PhD,Divorced,90687,0,0
1989,PhD,Together,66973,0,0
1978,Graduation,Together,41154,0,1
1968,Graduation,Married,64590,0,0
1960,PhD,Divorced,50611,0,1
1960,PhD,Divorced,50611,0,1
1970,Graduation,Single,83273,1,2
1980,Graduation,Divorced,81702,0,0
1979,Master,Together,24401,0,0
1974,Graduation,Married,42557,0,1
1985,2n Cycle,Together,7500,1,0
1976,Graduation,Together,78416,0,1
1966,Graduation,Married,44794,0,1
1966,Graduation,Married,44794,0,1
1974,Graduation,Single,69719,0,0
1962,Graduation,Together,62568,0,1
1969,Graduation,Married,42231,1,1
1974,2n Cycle,Married,20130,0,0
1974,2n Cycle,Married,20130,0,0
1973,Graduation,Widow,42429,0,1
1973,Graduation,Widow,42429,0,1
1900,2n Cycle,Divorced,36640,1,0
1973,Graduation,Divorced,78901,0,1
1976,PhD,Divorced,66476,0,1
1977,2n Cycle,Married,31056,1,0
1976,Graduation,Divorced,46310,1,0
1978,Graduation,Married,65819,0,0
1969,PhD,Married,94871,0,2
